Cluster,Loss_mean,Loss_std,ROC-AUC_mean,ROC-AUC_std,Accuracy_mean,Accuracy_std,Precision_mean,Precision_std,Recall_mean,Recall_std,F1-Score_mean,F1-Score_std,Balanced_Accuracy_mean,Balanced_Accuracy_std
0,3.017435678595085,0.9358468332789318,0.5708333333333334,0.14290208866368767,0.8421052631578947,0.0,0.8421052631578947,0.0,1.0,0.0,0.9142857142857143,0.0,0.5,0.0
1,0.6385742244542352,0.009014597832200957,0.7206530612244897,0.009305764404139818,0.6485714285714285,0.01628822035855909,0.6382019671493355,0.013369951595324137,0.6857142857142857,0.02857142857142858,0.6609835283865768,0.019111162149206648,0.6485714285714286,0.01628822035855915
2,0.314553766369832,0.026028796099563545,0.9885714285714287,0.025555062599997555,0.9166666666666666,0.0,0.875,0.0,1.0,0.0,0.9333333333333333,0.0,0.9,0.0
