Cluster,Loss_mean,Loss_std,ROC-AUC_mean,ROC-AUC_std,Accuracy_mean,Accuracy_std,Precision_mean,Precision_std,Recall_mean,Recall_std,F1-Score_mean,F1-Score_std,Balanced_Accuracy_mean,Balanced_Accuracy_std
0,0.5227139472961426,0.1444155128174688,0.8542521994134897,0.05545352967521876,0.8794520547945204,0.026349841180371692,0.9237836073967749,0.019462824506313675,0.935483870967742,0.016129032258064557,0.9295165961060532,0.015118471091397686,0.7495601173020527,0.06280129003106791
1,0.8354037046432495,0.05280333173636024,0.8745525881057269,0.0061804660044248155,0.8047531992687386,0.012358642618760915,0.8262466028338279,0.01820645400710808,0.8443750000000001,0.018006075363609934,0.8349886706533901,0.009754554976021021,0.7966368392070484,0.014469985646984915
2,0.38320803046226504,0.04902926079211461,0.6148148148148148,0.07756529617984942,0.9415929203539823,0.0100900480097269,0.958452062875827,0.004449373182626806,0.9814814814814815,0.013094570021973102,0.9697778923198905,0.005400026922626885,0.5307407407407407,0.050792755172880004
