Molecules,Loss_mean,Loss_std,ROC-AUC_mean,ROC-AUC_std,Accuracy_mean,Accuracy_std,Precision_mean,Precision_std,Recall_mean,Recall_std,F1-Score_mean,F1-Score_std,Balanced_Accuracy_mean,Balanced_Accuracy_std
all molecules,0.7490978598594665,0.10727617189409774,0.8905400184765263,0.0043176407830284235,0.8327421555252388,0.008167328538660711,0.8831230348943999,0.009764600337357113,0.8644897959183673,0.018908138484735458,0.8735041226694265,0.007380735327236212,0.8166070378768792,0.008373009931529387
non-cliff molecules,0.7194953322410583,0.10834739668644001,0.9001678240740741,0.004318773890033732,0.8405063291139241,0.005954078393109731,0.8930269059571303,0.010146249802706417,0.8712962962962962,0.013857990321384982,0.8818847639626426,0.0048675542582081914,0.8226481481481482,0.009301127562661405
cliff molecules,0.9343335390090942,0.12147444767259048,0.8236567762630311,0.01567429314188127,0.7841584158415842,0.025358907871021175,0.811519734069947,0.012920150800041387,0.8137931034482758,0.06012274404883685,0.8113185913185912,0.02903524355593549,0.7789895749799519,0.020304534990454818
