Cluster,Loss_mean,Loss_std,ROC-AUC_mean,ROC-AUC_std,Accuracy_mean,Accuracy_std,Precision_mean,Precision_std,Recall_mean,Recall_std,F1-Score_mean,F1-Score_std,Balanced_Accuracy_mean,Balanced_Accuracy_std
0,0.19437331780791284,0.29144411937801207,0.9828571428571429,0.03833259389999641,0.95,0.07453559924999298,0.9464285714285715,0.07362688617174395,0.9714285714285715,0.063887656499994,0.9580952380952381,0.06338880492302378,0.9457142857142857,0.07850646665162336
1,1.2198314905166625,0.08885442275084761,0.7542857142857142,0.014659824486586159,0.7028571428571428,0.04672979209656036,0.71275,0.0325469637130528,0.6799999999999999,0.1167589528097289,0.6919800995024875,0.06875698914251194,0.7028571428571428,0.04672979209656036
2,1.3121842622756958,0.15291421327655802,0.5625000000000001,0.17368054167221947,0.8421052631578947,0.0,0.8421052631578947,0.0,1.0,0.0,0.9142857142857143,0.0,0.5,0.0
