Cluster,Loss_mean,Loss_std,ROC-AUC_mean,ROC-AUC_std,Accuracy_mean,Accuracy_std,Precision_mean,Precision_std,Recall_mean,Recall_std,F1-Score_mean,F1-Score_std,Balanced_Accuracy_mean,Balanced_Accuracy_std
0,0.8277804017066955,0.14017292630168876,0.8882127192982455,0.0033081586871332737,0.8176100628930818,0.007262267536976406,0.8575927433687817,0.015486707590568867,0.8336842105263157,0.019154167107306923,0.8452178953504429,0.006471971494045576,0.813717105263158,0.009408256552820429
1,0.22438641190528869,0.035703387115951814,0.45163043478260867,0.22423336100820482,0.9574468085106382,0.007522412565814346,0.9782598420747088,0.0001671113892475425,0.9782608695652174,0.007685943273766815,0.9782487976215704,0.0039266652728460385,0.4891304347826087,0.0038429716368834077
2,0.6356963694095612,0.13518632617577322,0.7848484848484848,0.040429285042807066,0.839344262295082,0.0179581166395136,0.931980056980057,0.019224173185563787,0.8872727272727271,0.02987577586391816,0.9086073376181751,0.011583547845802355,0.6436363636363636,0.08443758732006393
