Molecules,Loss_mean,Loss_std,ROC-AUC_mean,ROC-AUC_std,Accuracy_mean,Accuracy_std,Precision_mean,Precision_std,Recall_mean,Recall_std,F1-Score_mean,F1-Score_std,Balanced_Accuracy_mean,Balanced_Accuracy_std
all molecules,0.3033714786535661,0.0015192327678604115,0.9445467704901667,0.001010077375759925,0.8787052810902896,0.002930945576505156,0.89181090038174,0.003719441886109767,0.9196765498652291,0.003143370293717148,0.9055215933814585,0.0022060370988338466,0.8640049415992813,0.0036567472375425743
non-cliff molecules,0.2718598126580135,0.001657872736203417,0.9587064676616915,0.0010704674142610676,0.8963531669865643,0.003641778495395465,0.9082080393932641,0.003513478929125361,0.933134328358209,0.004850172181872222,0.9204920424051906,0.002848964568065224,0.8816209276199647,0.003955583895611748
cliff molecules,0.5521226602245196,0.0071537306770548545,0.7946296296296296,0.006907928686516445,0.7393939393939395,0.026067652324371575,0.7451975051975053,0.02508552113570206,0.7944444444444445,0.022222222222222233,0.7689011866949862,0.021758036174266367,0.7338888888888888,0.026897152082022667
