Cluster,Loss_mean,Loss_std,ROC-AUC_mean,ROC-AUC_std,Accuracy_mean,Accuracy_std,Precision_mean,Precision_std,Recall_mean,Recall_std,F1-Score_mean,F1-Score_std,Balanced_Accuracy_mean,Balanced_Accuracy_std
0,0.5873055636882782,0.13459165253293356,0.7727272727272727,0.08701244857794685,0.8655737704918034,0.02431540487572348,0.9211341485025695,0.018889986053795094,0.9309090909090909,0.015212000482437742,0.9258888359347075,0.01316935032233661,0.5987878787878789,0.09611006278721468
1,0.7789887547492981,0.0679404520869922,0.8871911549707603,0.007182954475885983,0.8197064989517819,0.013008043654078491,0.8390002821166161,0.017575977152223386,0.864561403508772,0.01153100121063511,0.8514641255976361,0.009663841008119196,0.8088432017543858,0.01577900738562716
2,0.195436230301857,0.04115295967436779,0.6277173913043479,0.15367082082172492,0.9617021276595745,0.012129525798926987,0.9826035567421979,0.005743269504102549,0.9782608695652174,0.015371886547533652,0.9803505294568223,0.0063375505705571536,0.5891304347826087,0.13209987915147256
