Molecules,Loss_mean,Loss_std,ROC-AUC_mean,ROC-AUC_std,Accuracy_mean,Accuracy_std,Precision_mean,Precision_std,Recall_mean,Recall_std,F1-Score_mean,F1-Score_std,Balanced_Accuracy_mean,Balanced_Accuracy_std
all molecules,0.725027334690094,0.0784701971086118,0.9283817510232606,0.004021333292891786,0.8504258943781942,0.014511440844324954,0.8837752372786027,0.030650357189074176,0.8824797843665768,0.05308262479823687,0.8811834670459676,0.016226477960208575,0.8389250773684737,0.014862467011642427
non-cliff molecules,0.6410856485366822,0.08136613942555203,0.9416819130155674,0.004182357343847488,0.8667946257197696,0.014647818831738135,0.8957570562081323,0.026839017804711353,0.8997014925373135,0.04421942492451633,0.8963957198296036,0.014213376494521177,0.8536141871288718,0.016492042540600032
cliff molecules,1.3876578569412232,0.16797391760866492,0.7844444444444444,0.023132587362410688,0.7212121212121211,0.02641756935479197,0.7715133609870451,0.06636886317024869,0.7222222222222222,0.13721210039142745,0.7316395401303084,0.060531469076993895,0.721111111111111,0.019132417064136223
