Molecules,Loss_mean,Loss_std,ROC-AUC_mean,ROC-AUC_std,Accuracy_mean,Accuracy_std,Precision_mean,Precision_std,Recall_mean,Recall_std,F1-Score_mean,F1-Score_std,Balanced_Accuracy_mean,Balanced_Accuracy_std
all molecules,0.6049819111824035,0.05639590472029524,0.9237521213936308,0.0035263768837909128,0.8459965928449744,0.010141653196686357,0.8679392907926369,0.00995885107349506,0.8921832884097036,0.009180262191874074,0.8798576247204224,0.007749602006649783,0.829424977538185,0.011673741023402052
non-cliff molecules,0.5449455976486206,0.049952063737970745,0.9345305729417429,0.002142993447928235,0.8591170825335892,0.008286768961582704,0.8807359303342853,0.007635784261323045,0.9032835820895523,0.010271433154677774,0.89182430665221,0.006518059039629488,0.8414267372813352,0.00905220178814903
cliff molecules,1.0789049863815308,0.1505111629044907,0.8064814814814815,0.021284215575103085,0.7424242424242425,0.030303030303030276,0.753189279505069,0.03687120852448889,0.788888888888889,0.022222222222222233,0.7700104741200632,0.022627270251642437,0.7377777777777779,0.0328483233313211
