Molecules,Loss_mean,Loss_std,ROC-AUC_mean,ROC-AUC_std,Accuracy_mean,Accuracy_std,Precision_mean,Precision_std,Recall_mean,Recall_std,F1-Score_mean,F1-Score_std,Balanced_Accuracy_mean,Balanced_Accuracy_std
all molecules,0.7345517873764038,0.03903280271025552,0.8875720164609053,0.00582188981730535,0.8332878581173262,0.010756018196140272,0.8675917261983042,0.012799906576727825,0.8861224489795919,0.012135566324341637,0.8766482775723554,0.007663652811245021,0.8064357100865036,0.014772777255611604
non-cliff molecules,0.6736934781074524,0.05204647883006882,0.9006342592592592,0.0069620827313130575,0.8452531645569621,0.01046698443578559,0.8790699638084745,0.01148614563531785,0.8972222222222221,0.009555447889143651,0.8879861172670527,0.007307575319443434,0.8151111111111111,0.014665175990463806
cliff molecules,1.1153681516647338,0.05669242894148463,0.7957497995188453,0.00933338288122309,0.7584158415841584,0.03229605233722793,0.7825862606920099,0.023099796573601814,0.803448275862069,0.06414163875082166,0.7914151782703878,0.033587664047205444,0.7505613472333601,0.029114226434378537
