Molecules,Loss_mean,Loss_std,ROC-AUC_mean,ROC-AUC_std,Accuracy_mean,Accuracy_std,Precision_mean,Precision_std,Recall_mean,Recall_std,F1-Score_mean,F1-Score_std,Balanced_Accuracy_mean,Balanced_Accuracy_std
all molecules,0.43964749173381207,0.0335974051181604,0.9090215839422188,0.0016496059766707234,0.8442019099590723,0.002005039352892099,0.8706239871293102,0.0021759588586743083,0.9008163265306124,0.004581621289927255,0.8854520981174288,0.0017311799998456256,0.8154287393969935,0.001995365525374345
non-cliff molecules,0.34249286810022656,0.023758430915574422,0.9292361111111112,0.0010912946425753064,0.8645569620253164,0.0023681375865657506,0.8915119666510579,0.0023139547121361296,0.912962962962963,0.004293341896062824,0.9021008744485879,0.0018726816607041949,0.8364814814814816,0.0025507536743617823
cliff molecules,1.0475853346687234,0.15832482025716232,0.7825982357658381,0.007429821858476654,0.7168316831683168,0.010097068343748097,0.7275439837939839,0.006684194207084062,0.8103448275862067,0.015421158465515773,0.7666675869419406,0.009505103626117685,0.7005212510024059,0.009586605502626718
