Cluster,Loss_mean,Loss_std,ROC-AUC_mean,ROC-AUC_std,Accuracy_mean,Accuracy_std,Precision_mean,Precision_std,Recall_mean,Recall_std,F1-Score_mean,F1-Score_std,Balanced_Accuracy_mean,Balanced_Accuracy_std
0,1.0577923655509949,0.1451490337468455,0.8817964181286551,0.00929778962944835,0.8054507337526206,0.019350911126564917,0.8366951918486348,0.029330577496767256,0.8421052631578949,0.07509099845274629,0.8367959720424274,0.026615852547679862,0.7965734649122806,0.011575580048479445
1,0.8284698367118836,0.16531948109107567,0.766060606060606,0.06129906816237712,0.8590163934426229,0.024861886701808347,0.9214804252009333,0.020630143819032495,0.9236363636363636,0.05045249791095131,0.921463751380411,0.017185319714733034,0.5951515151515152,0.08764598212022144
2,0.2487262338399887,0.06810151873668233,0.6527173913043478,0.0371299479399913,0.9595744680851063,0.013870643415324783,0.9783045707040813,0.0003054376800746312,0.9804347826086957,0.014172179141744897,0.9793294312867579,0.007208350539499234,0.4902173913043478,0.0070860895708724485
