Cluster,Loss_mean,Loss_std,ROC-AUC_mean,ROC-AUC_std,Accuracy_mean,Accuracy_std,Precision_mean,Precision_std,Recall_mean,Recall_std,F1-Score_mean,F1-Score_std,Balanced_Accuracy_mean,Balanced_Accuracy_std
0,0.8520311951637268,0.1385774623210818,0.8768281938325991,0.0034376787616334876,0.806946983546618,0.010628476675501774,0.846731333175258,0.014696176831986284,0.81875,0.028555729503901648,0.8321209617820943,0.011614723837750033,0.8045291850220264,0.009868471666858378
1,0.5465245366096496,0.10729590930913911,0.8604105571847507,0.027223017794895856,0.863013698630137,0.019372788525658814,0.939661606338461,0.017666723280803886,0.896774193548387,0.026989033114002414,0.9173801243082622,0.012491339135624597,0.78475073313783,0.04580674261419049
2,0.3816937208175659,0.053692611287731555,0.6542592592592592,0.09144567450382508,0.9380530973451326,0.006257582134394236,0.9549534924534925,0.00028698214208146955,0.9814814814814815,0.0065472850109865414,0.9680279228123891,0.003332091996362346,0.49074074074074076,0.0032736425054932707
