Cluster,Loss_mean,Loss_std,ROC-AUC_mean,ROC-AUC_std,Accuracy_mean,Accuracy_std,Precision_mean,Precision_std,Recall_mean,Recall_std,F1-Score_mean,F1-Score_std,Balanced_Accuracy_mean,Balanced_Accuracy_std
0,1.0172829985618592,0.16091763247023982,0.7861224489795918,0.02621793771877828,0.7342857142857143,0.041156743688251236,0.7534958034958035,0.019855364211796334,0.6971428571428572,0.1153521670753506,0.7200389539777,0.06519201888173977,0.7342857142857143,0.04115674368825127
1,0.09323426336050034,0.05330764369414042,1.0,0.0,0.9833333333333332,0.03726779962499651,1.0,0.0,0.9714285714285715,0.063887656499994,0.9846153846153847,0.03440104580768905,0.9857142857142858,0.03194382824999698
2,1.1599508285522462,0.1581573779460508,0.7625,0.09501461875826149,0.8421052631578947,0.0,0.8421052631578947,0.0,1.0,0.0,0.9142857142857143,0.0,0.5,0.0
