Molecules,Loss_mean,Loss_std,ROC-AUC_mean,ROC-AUC_std,Accuracy_mean,Accuracy_std,Precision_mean,Precision_std,Recall_mean,Recall_std,F1-Score_mean,F1-Score_std,Balanced_Accuracy_mean,Balanced_Accuracy_std
all molecules,0.5662722766399384,0.07272834744817666,0.9296595787161823,0.001507717276781161,0.8589437819420784,0.005099362707698731,0.898188767594128,0.013143978023403004,0.8765498652291106,0.011859838274932618,0.887076613165048,0.0036278185694374044,0.8526267844664069,0.008828275400079784
non-cliff molecules,0.49537994861602785,0.05849894573856052,0.9423527523671961,0.0013422679253112003,0.8760076775431862,0.007344002483573527,0.9135691365624268,0.014173162062666675,0.8919402985074628,0.013402951833220088,0.9024494932366534,0.005590734224258768,0.8696260632322261,0.01089359241474951
cliff molecules,1.125891923904419,0.21573826779322433,0.788888888888889,0.017733354992406088,0.7242424242424242,0.020100756305184223,0.7541467304625199,0.005376717011495251,0.7333333333333334,0.048432210483785286,0.7428607635768761,0.026367080089389112,0.7233333333333334,0.017356110390903696
