Cluster,Loss_mean,Loss_std,ROC-AUC_mean,ROC-AUC_std,Accuracy_mean,Accuracy_std,Precision_mean,Precision_std,Recall_mean,Recall_std,F1-Score_mean,F1-Score_std,Balanced_Accuracy_mean,Balanced_Accuracy_std
0,0.4065338397705552,0.004397664666440362,0.8978056167400881,0.0016100752718207064,0.8138939670932357,0.003003962838236726,0.8312322142197441,0.0035345069005105496,0.8556250000000001,0.0071260964068696215,0.8432313471820976,0.002997814421023831,0.805345539647577,0.002835358385095697
1,0.29467148584131825,0.009690018164784691,0.8577712609970675,0.011684294318555227,0.9041095890410957,1.2412670766236366e-16,0.9104477611940298,0.0,0.9838709677419356,1.2412670766236366e-16,0.9457364341085273,1.2412670766236366e-16,0.719208211143695,0.0
2,0.6935980762829589,0.2359046315207973,0.5674074074074074,0.080428806201143,0.9522123893805311,0.004847102278806787,0.9638329238329237,0.0001794340892728075,0.987037037037037,0.005071505162084833,0.9752921955510871,0.00256985155379235,0.5935185185185186,0.002535752581042386
