Cluster,Loss_mean,Loss_std,ROC-AUC_mean,ROC-AUC_std,Accuracy_mean,Accuracy_std,Precision_mean,Precision_std,Recall_mean,Recall_std,F1-Score_mean,F1-Score_std,Balanced_Accuracy_mean,Balanced_Accuracy_std
0,0.3724817917037677,0.0045797421658365575,0.9176187865497075,0.0017053900281965952,0.8381551362683439,0.0031095171853650636,0.8560877876041829,0.0037109472424738544,0.8764912280701754,0.006276682042104636,0.8661525592578654,0.002835299147392839,0.8288706140350877,0.0031155115260737345
1,0.22388622049646534,0.18486466214361405,0.7282608695652174,0.10529672157607375,0.9744680851063829,0.005826835718140043,0.9890826564739609,6.542314351466386e-05,0.9847826086956522,0.005953506059838728,0.9869208838203848,0.0030255522599180427,0.742391304347826,0.002976753029919394
2,0.290760217540627,0.007269208499530999,0.7645454545454546,0.024185539320284704,0.9016393442622951,0.0,0.9152542372881356,0.0,0.9818181818181818,0.0,0.9473684210526315,0.0,0.5742424242424242,0.0
