Cluster,Loss_mean,Loss_std,ROC-AUC_mean,ROC-AUC_std,Accuracy_mean,Accuracy_std,Precision_mean,Precision_std,Recall_mean,Recall_std,F1-Score_mean,F1-Score_std,Balanced_Accuracy_mean,Balanced_Accuracy_std
0,1.1048948884010314,0.14604671267978214,0.8693722466960352,0.008749663898561591,0.7875685557586838,0.02053725289942758,0.8208885025095427,0.03431586641677888,0.8206249999999999,0.08616730637254479,0.8172040986056613,0.031173942494142744,0.7807970814977974,0.013350023064732514
1,0.7491639971733093,0.1263270666951274,0.8498533724340176,0.03619355266403088,0.8602739726027397,0.03123768287942843,0.9233738259947938,0.022234097685382415,0.9129032258064516,0.062049626005391455,0.9165365483601476,0.023149150211160624,0.7382697947214076,0.04508052533619708
2,0.4562191188335419,0.1366393051237948,0.7603703703703705,0.022561073946360973,0.9398230088495575,0.011538411336641874,0.9550310438584775,0.0005253113576677332,0.9833333333333334,0.01207259704667157,0.9689489745211306,0.0061211759736446245,0.4916666666666667,0.006036298523335785
