Cluster,Loss_mean,Loss_std,ROC-AUC_mean,ROC-AUC_std,Accuracy_mean,Accuracy_std,Precision_mean,Precision_std,Recall_mean,Recall_std,F1-Score_mean,F1-Score_std,Balanced_Accuracy_mean,Balanced_Accuracy_std
0,1.425865602493286,0.18953367147357422,0.745795918367347,0.02084911383460852,0.6657142857142857,0.03288818409491808,0.6859635522915817,0.051702226854485986,0.6457142857142857,0.19335913503644153,0.6462026028666557,0.097385137579653,0.6657142857142857,0.03288818409491809
1,0.34602578580379484,0.3808047498393714,0.9942857142857143,0.012777531299998755,0.8666666666666666,0.07453559924999296,0.9464285714285715,0.07362688617174395,0.8285714285714285,0.15649215928719032,0.8727805527805529,0.08680891914360732,0.8742857142857142,0.06420630015498355
2,1.4827632904052734,0.5529184092866641,0.8270833333333334,0.09305296430886371,0.8421052631578947,0.0,0.8421052631578947,0.0,1.0,0.0,0.9142857142857143,0.0,0.5,0.0
