Molecules,Loss_mean,Loss_std,ROC-AUC_mean,ROC-AUC_std,Accuracy_mean,Accuracy_std,Precision_mean,Precision_std,Recall_mean,Recall_std,F1-Score_mean,F1-Score_std,Balanced_Accuracy_mean,Balanced_Accuracy_std
all molecules,0.4884133398532867,0.05419489445993941,0.9347983428172106,0.006118351479416915,0.8551959114139693,0.014733729683434187,0.8877858017012844,0.03776445526387753,0.8862533692722373,0.035119132021352764,0.8856043810536194,0.009800601117974591,0.8440526105620446,0.02673008464459241
non-cliff molecules,0.4157461702823639,0.05640438686120911,0.949480019258546,0.006507819084346923,0.8794625719769675,0.013153045450296982,0.9086868108813319,0.034852840337278326,0.9062686567164178,0.030825864223105872,0.9063512353296435,0.008708795384966583,0.8687257262076713,0.025280922552315368
cliff molecules,1.0620437383651733,0.048466754894914005,0.7566666666666666,0.01139152333276274,0.6636363636363637,0.03090314856722901,0.6962563957902448,0.0497829491067945,0.7,0.07934920476158723,0.6929418126087302,0.029693524211035792,0.6599999999999999,0.03615808910060658
