Molecules,Loss_mean,Loss_std,ROC-AUC_mean,ROC-AUC_std,Accuracy_mean,Accuracy_std,Precision_mean,Precision_std,Recall_mean,Recall_std,F1-Score_mean,F1-Score_std,Balanced_Accuracy_mean,Balanced_Accuracy_std
all molecules,1.8902726887891834,0.07206120534249949,0.9436033742637516,0.001115169284179971,0.8814310051107326,0.004520101928934109,0.893909655394142,0.005055556290414176,0.9218328840970351,0.0038118963945366325,0.9076469255555383,0.00340876351010442,0.866934960567036,0.005453745770183235
non-cliff molecules,1.6462579211505943,0.07084316659932485,0.9580805649173488,0.0009392723891902862,0.8967370441458733,0.004443699386867661,0.9092082977588202,0.003974306204659388,0.9325373134328359,0.004467650611073367,0.9207183516306978,0.0034150962180651083,0.8823976889744826,0.00494473716050842
cliff molecules,3.8165104757544057,0.1807604324970411,0.7925000000000001,0.00813761946026657,0.7606060606060605,0.011338355717496782,0.7595759529649131,0.01766592538528755,0.8222222222222222,0.013608276348795441,0.789399759032059,0.007399241320447809,0.7544444444444445,0.012981468272830978
