Molecules,Loss_mean,Loss_std,ROC-AUC_mean,ROC-AUC_std,Accuracy_mean,Accuracy_std,Precision_mean,Precision_std,Recall_mean,Recall_std,F1-Score_mean,F1-Score_std,Balanced_Accuracy_mean,Balanced_Accuracy_std
all molecules,0.6944557189941406,0.03378565279799306,0.8966641471403376,0.0038146092732534763,0.8234652114597545,0.007698082389995036,0.8631080086895329,0.02048234127745441,0.8763265306122449,0.0328717168844096,0.8688805940380975,0.007860320633960378,0.796599479297892,0.015462096171195955
non-cliff molecules,0.6442217469215393,0.029306645674425317,0.9100798611111112,0.0032516627295412163,0.8405063291139241,0.006281466215594666,0.8776287752287801,0.018089557265181282,0.8921296296296296,0.028561475583679975,0.8842238883625798,0.006394018919037747,0.8105648148148148,0.014246007550838427
cliff molecules,1.0087913990020752,0.06593231743003254,0.7919005613472334,0.01134092672312024,0.7168316831683168,0.02038738641779606,0.7546657474231845,0.03282251008773115,0.7586206896551724,0.06982226459074686,0.7534921396645384,0.02551173797680477,0.7095429029671212,0.022311453949881613
