Molecules,Loss_mean,Loss_std,ROC-AUC_mean,ROC-AUC_std,Accuracy_mean,Accuracy_std,Precision_mean,Precision_std,Recall_mean,Recall_std,F1-Score_mean,F1-Score_std,Balanced_Accuracy_mean,Balanced_Accuracy_std
all molecules,2.4750934573151397,0.06363355719443813,0.9078315276727977,0.0026899239462310023,0.8447476125511596,0.0039914703515219275,0.8686866398609258,0.003393760754094433,0.9044897959183673,0.0035111531702214788,0.8862228842268604,0.002908698870491013,0.8143848156546569,0.004745823292348024
non-cliff molecules,2.1290148294018616,0.06693026508868222,0.9293368055555555,0.003068351433793391,0.8664556962025316,0.004198259228297958,0.8900357600606659,0.0024203642441182607,0.9180555555555555,0.004766495435642147,0.9038241933649351,0.0031591868246240292,0.8365277777777778,0.004220130248479182
cliff molecules,4.640654772574462,0.12627631709837175,0.7739374498797114,0.005545179724128463,0.7089108910891089,0.007920792079207928,0.7216789519778135,0.011653080863302002,0.803448275862069,0.01379310344827584,0.7601991584318653,0.005203958014247423,0.6924218123496392,0.010174018622071342
