Molecules,Loss_mean,Loss_std,ROC-AUC_mean,ROC-AUC_std,Accuracy_mean,Accuracy_std,Precision_mean,Precision_std,Recall_mean,Recall_std,F1-Score_mean,F1-Score_std,Balanced_Accuracy_mean,Balanced_Accuracy_std
all molecules,0.47850690484046937,0.04872437079356431,0.8954530948181741,0.001856044222044636,0.8169167803547067,0.020443828316430216,0.8256803509906809,0.03242055450033011,0.9240816326530613,0.02149745972614481,0.8712621771918065,0.009648738114901884,0.7624523389602754,0.041523311043685125
non-cliff molecules,0.4275080323219299,0.04682186571769236,0.9128657407407408,0.002856640925377766,0.8338607594936709,0.018641362626611552,0.8456053629050171,0.02985342403341089,0.9287037037037038,0.017774401685604128,0.8845527900955631,0.00927776033771777,0.7788518518518519,0.03943502539252625
cliff molecules,0.7976286053657532,0.0633118045957736,0.7733761026463511,0.008159952427852413,0.710891089108911,0.03277810961831058,0.6985055729746786,0.041766801405317376,0.8896551724137931,0.04949206929105973,0.7800774493743162,0.01051682892729667,0.679711307137129,0.04681251706421002
