Molecules,Loss_mean,Loss_std,ROC-AUC_mean,ROC-AUC_std,Accuracy_mean,Accuracy_std,Precision_mean,Precision_std,Recall_mean,Recall_std,F1-Score_mean,F1-Score_std,Balanced_Accuracy_mean,Balanced_Accuracy_std
all molecules,0.36151704788208006,0.032148247591431006,0.9346311270839573,0.004051457320622279,0.8398637137989778,0.02501418036521658,0.8359877805681887,0.037307534278194256,0.9331536388140161,0.0228967769073804,0.880907167229798,0.01413527961086491,0.8063916342218229,0.04003040701442725
non-cliff molecules,0.31874682903289797,0.032696690298335544,0.9495265607446639,0.0046365946582532,0.8629558541266794,0.026584705862849584,0.8596695854207035,0.03981285612323149,0.9444776119402984,0.019029704418518482,0.8991230666782141,0.01567914006105016,0.8303033220991816,0.043423632040084904
cliff molecules,0.6991423487663269,0.06367084220209066,0.74,0.02801993215694069,0.6575757575757575,0.051247074319053836,0.6463579994295279,0.03926079071878742,0.8277777777777778,0.07114582486036497,0.7245121169577671,0.04277250049162934,0.6405555555555555,0.052516899102650956
