Molecules,Loss_mean,Loss_std,ROC-AUC_mean,ROC-AUC_std,Accuracy_mean,Accuracy_std,Precision_mean,Precision_std,Recall_mean,Recall_std,F1-Score_mean,F1-Score_std,Balanced_Accuracy_mean,Balanced_Accuracy_std
all molecules,0.7720117688179016,0.05880201505754342,0.8531159420289856,0.011187095782401391,0.781021897810219,0.015311078075476669,0.8346925304724839,0.026423657740676555,0.8434782608695652,0.046928332923745424,0.8375894668530517,0.01458023831304436,0.7484057971014492,0.024264893072574498
non-cliff molecules,0.10771330967545509,0.04000808849231221,0.9764705882352942,0.01994802936213317,0.961111111111111,0.022222222222222233,0.9710822510822512,0.000692640692640678,0.9882352941176471,0.02352941176470589,0.9794505732208523,0.012113346311918693,0.7441176470588236,0.011764705882352944
cliff molecules,1.0087913990020752,0.06593231743003254,0.7919005613472334,0.01134092672312024,0.7168316831683168,0.02038738641779606,0.7546657474231845,0.03282251008773115,0.7586206896551724,0.06982226459074686,0.7534921396645384,0.02551173797680477,0.7095429029671212,0.022311453949881613
