Molecules,Loss_mean,Loss_std,ROC-AUC_mean,ROC-AUC_std,Accuracy_mean,Accuracy_std,Precision_mean,Precision_std,Recall_mean,Recall_std,F1-Score_mean,F1-Score_std,Balanced_Accuracy_mean,Balanced_Accuracy_std
all molecules,0.5877222418785095,0.057793168692766066,0.9168276430068885,0.009398198212779266,0.8367972742759797,0.009956823983783624,0.8588545356181212,0.0093595018527481,0.8878706199460916,0.016580653907525292,0.8729963268861146,0.008402159323581234,0.818472347010083,0.01025022208305077
non-cliff molecules,0.5187498927116394,0.0411769360696267,0.9298619804204783,0.008060243464458019,0.8552783109404991,0.00975682535672847,0.8751794055235648,0.003929588835457764,0.9038805970149253,0.01804921368099221,0.8891953921496615,0.008653110376761019,0.8358112662493982,0.0071075794830085795
cliff molecules,1.1321857929229737,0.2037337477983768,0.774074074074074,0.025919311325505498,0.6909090909090908,0.05300865358950274,0.7125472531354884,0.061016906408998504,0.7388888888888888,0.03767961101736261,0.7238358580367712,0.038794979767220225,0.6861111111111111,0.057440253446945894
