Molecules,Loss_mean,Loss_std,ROC-AUC_mean,ROC-AUC_std,Accuracy_mean,Accuracy_std,Precision_mean,Precision_std,Recall_mean,Recall_std,F1-Score_mean,F1-Score_std,Balanced_Accuracy_mean,Balanced_Accuracy_std
all molecules,0.6907052278518677,0.09747736622274839,0.8836390358612581,0.008796218714048325,0.8226466575716234,0.010914051841746259,0.8659377956882898,0.010465046795410786,0.8693877551020408,0.007851177168029133,0.8676313735382928,0.007858477371411581,0.798891408415218,0.01373723015229391
non-cliff molecules,0.6504827618598938,0.09305318129097861,0.8963287037037038,0.009441713362384049,0.834493670886076,0.01186603370838777,0.8777859141385683,0.010875937547064993,0.8805555555555555,0.007407407407407402,0.8791494696487,0.008362111500763582,0.8077777777777779,0.015299927826470274
cliff molecules,0.9423941850662232,0.15206871448728593,0.804009623095429,0.018059157251768085,0.7485148514851485,0.042746600286976084,0.7776854442491615,0.030001620978377396,0.7862068965517242,0.05623967734586237,0.7814483229189112,0.040643622265680864,0.7419406575781877,0.04111641213973972
