Molecules,Loss_mean,Loss_std,ROC-AUC_mean,ROC-AUC_std,Accuracy_mean,Accuracy_std,Precision_mean,Precision_std,Recall_mean,Recall_std,F1-Score_mean,F1-Score_std,Balanced_Accuracy_mean,Balanced_Accuracy_std
all molecules,3.537580447848356,0.09309421917471192,0.8384782608695651,0.004570007455568049,0.778102189781022,0.005839416058394152,0.8094040778114444,0.009117860312921677,0.8760869565217391,0.008695652173913044,0.8413458315487112,0.003455910255249818,0.7269323671497585,0.010946054010100065
non-cliff molecules,0.4428441479223368,5.551115123125783e-17,0.9941176470588236,0.011764705882352944,0.9722222222222221,1.1102230246251565e-16,0.9714285714285713,1.1102230246251565e-16,1.0,0.0,0.9855072463768118,1.1102230246251565e-16,0.75,0.0
cliff molecules,4.640654772574462,0.12627631709837175,0.7739374498797114,0.005545179724128463,0.7089108910891089,0.007920792079207928,0.7216789519778135,0.011653080863302002,0.803448275862069,0.01379310344827584,0.7601991584318653,0.005203958014247423,0.6924218123496392,0.010174018622071342
