Molecules,Loss_mean,Loss_std,ROC-AUC_mean,ROC-AUC_std,Accuracy_mean,Accuracy_std,Precision_mean,Precision_std,Recall_mean,Recall_std,F1-Score_mean,F1-Score_std,Balanced_Accuracy_mean,Balanced_Accuracy_std
all molecules,0.5707651078701019,0.04982226605058235,0.8408642175109241,0.008292399207350393,0.8010452961672474,0.010818240206453002,0.8408875193545023,0.014354277649669595,0.8884520884520883,0.034524163283047284,0.8633720711488045,0.010497783137675807,0.7382380202739485,0.01496688791474748
non-cliff molecules,0.4533831298351288,0.03105008672362068,0.8775947930419475,0.005365927867209856,0.8409282700421941,0.010970464135021113,0.8782939012990735,0.01278927912666596,0.9122507122507122,0.029956557101071056,0.8944742672540326,0.009286995017820578,0.7748245431172261,0.014535727285722964
cliff molecules,1.127155637741089,0.15060375473090437,0.6474025974025974,0.018994893944218265,0.612,0.03187475490101848,0.6319991233479598,0.02418276499358426,0.7392857142857143,0.07371345514482247,0.6795131146751886,0.03547762681948507,0.5946428571428571,0.031747702222217934
