Molecules,Loss_mean,Loss_std,ROC-AUC_mean,ROC-AUC_std,Accuracy_mean,Accuracy_std,Precision_mean,Precision_std,Recall_mean,Recall_std,F1-Score_mean,F1-Score_std,Balanced_Accuracy_mean,Balanced_Accuracy_std
all molecules,0.8794137954711914,0.1039776421615951,0.8125527814150569,0.003988130664625239,0.7923344947735191,0.0057675767795285155,0.8283366227367525,0.008802797238646834,0.8923832923832924,0.018281155024804215,0.8589756238560124,0.005252669494569058,0.7204431431976343,0.010966364561535094
non-cliff molecules,0.7039576053619385,0.08289978272412235,0.8526347485697079,0.003039167636629153,0.829535864978903,0.0043029700536647945,0.8664253330888624,0.010829220813921603,0.9105413105413106,0.015032371462419288,0.887757327423168,0.0031606125295226195,0.754457647140574,0.015481274627091554
cliff molecules,1.711076307296753,0.22505334501992413,0.6369318181818182,0.021488442040761828,0.616,0.01743559577416271,0.6263252743904602,0.009474652446483173,0.7785714285714287,0.046014638309732576,0.6936997835968114,0.021460587828998165,0.5938311688311688,0.014812811324052459
