Molecules,Loss_mean,Loss_std,ROC-AUC_mean,ROC-AUC_std,Accuracy_mean,Accuracy_std,Precision_mean,Precision_std,Recall_mean,Recall_std,F1-Score_mean,F1-Score_std,Balanced_Accuracy_mean,Balanced_Accuracy_std
all molecules,0.673617160320282,0.03818994705521241,0.8961526832955403,0.0026494009066291057,0.8286493860845839,0.004926458413442782,0.8695784546044635,0.012173247979994278,0.8755102040816325,0.021789955616390445,0.8722127556232632,0.005620923478821467,0.8048332913412277,0.007525175108435364
non-cliff molecules,0.6259189248085022,0.04428764030227275,0.909292824074074,0.0034030738092445125,0.8424050632911392,0.0069042481738200625,0.8808626896925938,0.010422801637501934,0.8902777777777777,0.022896783368293025,0.8852449418817308,0.006858958934146965,0.8146388888888889,0.006471513499054914
cliff molecules,0.9720852255821228,0.0355711339078397,0.8010425020048115,0.006609921743382495,0.7425742574257426,0.020768492042973315,0.7830274414850685,0.02583539349962568,0.7655172413793103,0.04442792664387975,0.7730576529619592,0.021729265787913715,0.7385725741780274,0.020764660794634814
