Molecules,Loss_mean,Loss_std,ROC-AUC_mean,ROC-AUC_std,Accuracy_mean,Accuracy_std,Precision_mean,Precision_std,Recall_mean,Recall_std,F1-Score_mean,F1-Score_std,Balanced_Accuracy_mean,Balanced_Accuracy_std
all molecules,1.9228635951612503,0.10781850338418758,0.9434199361086154,0.0014367976948844931,0.8793867120954003,0.006763009622241643,0.8919200622214852,0.006033754738765697,0.9207547169811321,0.004379535528105603,0.906106213854531,0.005156958154115361,0.8645440251572328,0.007668072798129837
non-cliff molecules,1.6646176735886016,0.12178482016136422,0.9577788476969988,0.0013173367103670624,0.8955854126679462,0.007639059018093068,0.9081042787374514,0.0067507070232434505,0.9319402985074628,0.0051357165773388905,0.9198645005373812,0.005769131417258141,0.8810239126945916,0.008777310191362306
cliff molecules,3.9614412487877644,0.19324103071114465,0.7935185185185185,0.010528718320148076,0.7515151515151514,0.012121212121212109,0.75,0.009930726528736975,0.8166666666666667,0.01360827634879544,0.7818947368421053,0.011001217090394649,0.745,0.01209530058726509
