Molecules,Loss_mean,Loss_std,ROC-AUC_mean,ROC-AUC_std,Accuracy_mean,Accuracy_std,Precision_mean,Precision_std,Recall_mean,Recall_std,F1-Score_mean,F1-Score_std,Balanced_Accuracy_mean,Balanced_Accuracy_std
all molecules,0.809220039844513,0.11062001385117806,0.802479464557347,0.008628561303377346,0.8104347826086957,0.009565217391304346,0.8545199681371318,0.009487199284965612,0.9017341040462428,0.01614363010840339,0.877350673500682,0.00677282919973692,0.7175337186897881,0.016611556916143674
non-cliff molecules,0.6311339020729065,0.0829957562040228,0.8402383210324498,0.0128188437100095,0.8487046632124352,0.00963786281748098,0.8977740859415583,0.008024041336330811,0.9140065146579804,0.015498862870840815,0.9056997510222097,0.006640520088994734,0.7544716117593699,0.01633523979916113
cliff molecules,1.7381558656692504,0.31926545965889114,0.5902564102564103,0.0212524934547009,0.6108108108108108,0.032432432432432406,0.5985806824754194,0.027750458088656785,0.8051282051282052,0.026148818018424527,0.6859425336282022,0.01755677317279747,0.5997069597069598,0.03460978306131621
