Molecules,Loss_mean,Loss_std,ROC-AUC_mean,ROC-AUC_std,Accuracy_mean,Accuracy_std,Precision_mean,Precision_std,Recall_mean,Recall_std,F1-Score_mean,F1-Score_std,Balanced_Accuracy_mean,Balanced_Accuracy_std
all molecules,0.6934704184532166,0.05081025904924996,0.863623188405797,0.010665940253918139,0.8160583941605839,0.01689903197487622,0.8586374775428813,0.012024055861853296,0.8695652173913043,0.029965323374109162,0.863721089100979,0.01423363286770918,0.7881159420289854,0.015014870455771883
non-cliff molecules,0.08715108335018158,0.031673411481229444,0.9882352941176471,0.011004874666982177,0.9722222222222221,0.01756820922315767,0.9717460317460317,0.017572511115045146,1.0,0.0,0.9855900621118012,0.009035648329265995,0.75,0.15811388300841897
cliff molecules,0.9095842361450195,0.062371091072716586,0.8107457898957499,0.012767989838083946,0.7603960396039604,0.026860712804456535,0.7906462336396547,0.019926364122021575,0.7931034482758621,0.04753120259341454,0.7911653682692421,0.026865844797748797,0.754691259021652,0.0248249103904428
