Molecules,Loss_mean,Loss_std,ROC-AUC_mean,ROC-AUC_std,Accuracy_mean,Accuracy_std,Precision_mean,Precision_std,Recall_mean,Recall_std,F1-Score_mean,F1-Score_std,Balanced_Accuracy_mean,Balanced_Accuracy_std
all molecules,0.5870737195014953,0.06313963306910943,0.921021763002895,0.003629246350926361,0.838160136286201,0.004696439097816093,0.8706685096884375,0.006897503888492627,0.8738544474393531,0.009552584984727431,0.8721965465769428,0.003966346249451156,0.8253531496456024,0.005645804692848353
non-cliff molecules,0.5186087310314178,0.05620116083771636,0.9341100946878511,0.0036296753724626733,0.854510556621881,0.005996352918162533,0.8853273514383211,0.0070009547275177945,0.8889552238805971,0.00809830445746298,0.8870972981349936,0.004687548778323259,0.8407141710800834,0.007157040596110268
cliff molecules,1.1275322914123536,0.12661861916908612,0.7685185185185185,0.015897908171359044,0.709090909090909,0.014845392380504136,0.7339414876256981,0.01811122190795767,0.7333333333333334,0.028327886186626593,0.7331687197267815,0.014880024474141714,0.7066666666666667,0.01517388920416404
