Molecules,Loss_mean,Loss_std,ROC-AUC_mean,ROC-AUC_std,Accuracy_mean,Accuracy_std,Precision_mean,Precision_std,Recall_mean,Recall_std,F1-Score_mean,F1-Score_std,Balanced_Accuracy_mean,Balanced_Accuracy_std
all molecules,0.9694669365882873,0.1068831626626582,0.8885403544133702,0.005283298459316253,0.8182810368349249,0.017048293971965413,0.863391623828473,0.024433096037443026,0.8681632653061223,0.05867621998876485,0.8637741463198217,0.019604794462907398,0.7929293692785756,0.012040081288480279
non-cliff molecules,0.9153225779533386,0.10560477141705811,0.8992766203703704,0.005369058149069851,0.8335443037974685,0.015867026755343915,0.8771784716735855,0.021448991998640164,0.8819444444444444,0.051553373729907585,0.8780388219912669,0.01697672315699101,0.8054722222222221,0.010934256083714736
cliff molecules,1.3082711935043334,0.1665654665428734,0.805934242181235,0.011469905147707998,0.7227722772277229,0.027295146043742998,0.7620820523331284,0.037083197645160174,0.7655172413793103,0.11875293350153492,0.7558124030851303,0.048677367745430966,0.7153167602245389,0.018751580176144065
