Molecules,Loss_mean,Loss_std,ROC-AUC_mean,ROC-AUC_std,Accuracy_mean,Accuracy_std,Precision_mean,Precision_std,Recall_mean,Recall_std,F1-Score_mean,F1-Score_std,Balanced_Accuracy_mean,Balanced_Accuracy_std
all molecules,2.4663936564782127,0.04478496585862668,0.9079961367262953,0.0019797706197910332,0.845293315143247,0.0028091760275544254,0.8684997190256059,0.00249320005815556,0.9057142857142857,0.0032653061224489797,0.8867122984809566,0.0020979168409142853,0.8145855379188713,0.003286745031677687
non-cliff molecules,2.0987444780721094,0.04339923468103047,0.9291342592592592,0.0012804326535783993,0.8683544303797468,0.002722254831342582,0.8910297226531012,0.0012239779688091497,0.9199074074074074,0.003139967584780221,0.9052369541280614,0.002062649300210843,0.8384537037037036,0.002551694614303182
cliff molecules,4.766931089672833,0.1840777826147094,0.7747794707297514,0.0037196683699467934,0.700990099009901,0.011546439395733278,0.7142725732380283,0.01520027964357835,0.8,0.008446516354424715,0.7545465013994401,0.006377336463431784,0.6837209302325582,0.014437204619917475
