Molecules,Loss_mean,Loss_std,ROC-AUC_mean,ROC-AUC_std,Accuracy_mean,Accuracy_std,Precision_mean,Precision_std,Recall_mean,Recall_std,F1-Score_mean,F1-Score_std,Balanced_Accuracy_mean,Balanced_Accuracy_std
all molecules,0.6129576206207276,0.04718585836854809,0.8430434782608696,0.0049887268187152325,0.7737226277372263,0.025703382279794188,0.7797827581620203,0.03664163768250873,0.9304347826086955,0.03120152194436374,0.8471310145651927,0.010502714288491784,0.6918840579710144,0.054838972359527255
non-cliff molecules,0.09485289752483368,0.02083953965397204,0.9735294117647058,0.02161314478926337,0.95,0.011111111111111117,0.9498412698412698,0.0107936507936508,1.0,0.0,0.9742443064182196,0.00563146997929609,0.55,0.09999999999999999
cliff molecules,0.7976286053657532,0.0633118045957736,0.7733761026463511,0.008159952427852413,0.710891089108911,0.03277810961831058,0.6985055729746786,0.041766801405317376,0.8896551724137931,0.04949206929105973,0.7800774493743162,0.01051682892729667,0.679711307137129,0.04681251706421002
