Molecules,Loss_mean,Loss_std,ROC-AUC_mean,ROC-AUC_std,Accuracy_mean,Accuracy_std,Precision_mean,Precision_std,Recall_mean,Recall_std,F1-Score_mean,F1-Score_std,Balanced_Accuracy_mean,Balanced_Accuracy_std
all molecules,0.8555603504180909,0.05408801320858853,0.8306180914714533,0.007425307616542914,0.8239130434782609,0.01361084855869436,0.8612603108833419,0.008204444150667935,0.9132947976878611,0.026488876849455736,0.8862328528081754,0.010481760963402432,0.7329631883176149,0.012842054614317068
non-cliff molecules,0.7019341349601745,0.05061314400533799,0.8613243722426092,0.00787122899056279,0.8580310880829016,0.012195442793720023,0.8980356061505512,0.009559721582661003,0.9270358306188925,0.02186053646327365,0.91208064280545,0.008488388396318878,0.7584546241702058,0.018519144419677638
cliff molecules,1.6569079399108886,0.08675916198638868,0.6383882783882784,0.009592314903052256,0.6459459459459459,0.02620367490495313,0.6273711984723104,0.012809166674550756,0.8051282051282052,0.06405126152203484,0.7045312976279934,0.03198642469429079,0.6368498168498168,0.02418314907348531
