Molecules,Loss_mean,Loss_std,ROC-AUC_mean,ROC-AUC_std,Accuracy_mean,Accuracy_std,Precision_mean,Precision_std,Recall_mean,Recall_std,F1-Score_mean,F1-Score_std,Balanced_Accuracy_mean,Balanced_Accuracy_std
all molecules,0.9302191019058228,0.0739940186005579,0.8372905295060983,0.007373832762625918,0.8062717770034842,0.007744289467210048,0.8345766011879728,0.01031883306162793,0.9071253071253071,0.027421732537206298,0.8689610814064403,0.0077141970610343355,0.7338021745207374,0.010505823929653383
non-cliff molecules,0.7340289235115052,0.06186546596262364,0.8700831538229912,0.008022950796691177,0.8447257383966246,0.0060559916010157365,0.8723577030900433,0.012978159116109575,0.9264957264957265,0.023999361468550102,0.8982515131614391,0.005507425193497591,0.7689389201584325,0.01662164770325349
cliff molecules,1.8601604223251342,0.1352789931671205,0.6484577922077922,0.006894096547917602,0.624,0.026532998322843223,0.6317121934768994,0.013990071185660048,0.7857142857142858,0.05416339602893963,0.6998698287434406,0.028789611677229484,0.601948051948052,0.023303230748820448
