Molecules,Loss_mean,Loss_std,ROC-AUC_mean,ROC-AUC_std,Accuracy_mean,Accuracy_std,Precision_mean,Precision_std,Recall_mean,Recall_std,F1-Score_mean,F1-Score_std,Balanced_Accuracy_mean,Balanced_Accuracy_std
all molecules,0.670901107788086,0.05560647916524284,0.886214831611657,0.0036288977944904854,0.8308321964529333,0.009723617834218523,0.8675226206985144,0.004906119769379182,0.8816326530612246,0.017650406784032353,0.8744143959210996,0.008309108928420664,0.8050138573948098,0.007228417654859264
non-cliff molecules,0.6327571034431457,0.05608752260346576,0.897255787037037,0.0041969616251183615,0.8420886075949368,0.007033579357877489,0.8777112740386901,0.0033277930321687498,0.8935185185185185,0.013733700902029031,0.8854757086105725,0.005967335232367957,0.8122592592592592,0.0043733119416319265
cliff molecules,0.9095842361450195,0.062371091072716586,0.8107457898957499,0.012767989838083946,0.7603960396039604,0.026860712804456535,0.7906462336396547,0.019926364122021575,0.7931034482758621,0.04753120259341454,0.7911653682692421,0.026865844797748797,0.754691259021652,0.0248249103904428
