Molecules,Loss_mean,Loss_std,ROC-AUC_mean,ROC-AUC_std,Accuracy_mean,Accuracy_std,Precision_mean,Precision_std,Recall_mean,Recall_std,F1-Score_mean,F1-Score_std,Balanced_Accuracy_mean,Balanced_Accuracy_std
all molecules,0.5576024889945984,0.0524403024524713,0.8190903559476727,0.003765130760358747,0.813913043478261,0.016475908975214268,0.8610684101446747,0.007355528963847689,0.8976878612716763,0.030619474307859017,0.8786515346950449,0.013075706090823374,0.7286684920393469,0.011245354571297432
non-cliff molecules,0.43689690828323363,0.0359572968470231,0.85837628334639,0.009880635627188663,0.8533678756476684,0.01791877353967937,0.8999598531806751,0.008853460637539967,0.917915309446254,0.02857552078105706,0.908540310295783,0.012634222599444241,0.7602234775079371,0.0170852823217144
cliff molecules,1.1872288465499878,0.1678470805263034,0.5859340659340659,0.01719599790805968,0.6081081081081081,0.035238931920014316,0.6050259629543517,0.027870234486340097,0.7384615384615384,0.054754247446314394,0.6645342152925428,0.03521204603542083,0.6006593406593407,0.03495311723062744
