Molecules,Loss_mean,Loss_std,ROC-AUC_mean,ROC-AUC_std,Accuracy_mean,Accuracy_std,Precision_mean,Precision_std,Recall_mean,Recall_std,F1-Score_mean,F1-Score_std,Balanced_Accuracy_mean,Balanced_Accuracy_std
all molecules,0.4891570508480072,0.023679089208019675,0.9316087650993312,0.0035468859100350157,0.8514480408858602,0.008975768226452812,0.8847251454105894,0.019719512932131086,0.8808625336927223,0.030418837692001908,0.8821216063653932,0.008899984684758841,0.840894229809324,0.010423676029504924
non-cliff molecules,0.42908190488815307,0.019996574148040312,0.9448756218905473,0.0038795886908130433,0.8744721689059501,0.013712530594619354,0.9027270220987204,0.01595201964342231,0.9026865671641792,0.02866915153084887,0.9022548213941419,0.011815938995262043,0.8631712405713369,0.013254539300446922
cliff molecules,0.9633864283561706,0.10771062252313458,0.7733333333333334,0.01728681634091103,0.6696969696969697,0.030903148567229023,0.7146150670794633,0.06676603265530957,0.6777777777777778,0.05719794522770555,0.6909691597180811,0.020843520349064643,0.6688888888888889,0.0364047887231242
