Cluster,Loss_mean,Loss_std,ROC-AUC_mean,ROC-AUC_std,Accuracy_mean,Accuracy_std,Precision_mean,Precision_std,Recall_mean,Recall_std,F1-Score_mean,F1-Score_std,Balanced_Accuracy_mean,Balanced_Accuracy_std
0,1.567291760444641,0.5021714300825708,0.7038461538461539,0.09868073932439637,0.8142857142857143,0.06512350903146596,0.9306723800631364,0.013009556728783093,0.8653846153846155,0.0849207775608447,0.8946387302142049,0.04313165045345064,0.5076923076923078,0.07674257668936507
1,1.599072766304016,0.6295209502102319,0.8706060560613105,0.013210806222850244,0.8022988505747126,0.028298073490715205,0.8262854604219102,0.05054570897465049,0.8394648829431437,0.0992133576868985,0.8276901396341193,0.03494293867913677,0.7959656253280742,0.027378908685374924
