Cluster,Loss_mean,Loss_std,ROC-AUC_mean,ROC-AUC_std,Accuracy_mean,Accuracy_std,Precision_mean,Precision_std,Recall_mean,Recall_std,F1-Score_mean,F1-Score_std,Balanced_Accuracy_mean,Balanced_Accuracy_std
0,0.8245674848556519,0.16228336718285646,0.7083333333333334,0.029462782549439452,0.7454545454545455,0.11853095282186638,0.7784126984126983,0.03711707149984514,0.9,0.16298006013006622,0.8313725490196078,0.09632488066374138,0.6166666666666666,0.08149003006503312
1,1.4467063903808595,0.31928523937443,0.6187584345479082,0.019707262977746613,0.6,0.038306184944812034,0.6029302325581396,0.027780237867464246,0.6051282051282051,0.16074285147341005,0.5959478775612178,0.09464117951012971,0.5999325236167341,0.03689314063903251
