Cluster,Loss_mean,Loss_std,ROC-AUC_mean,ROC-AUC_std,Accuracy_mean,Accuracy_std,Precision_mean,Precision_std,Recall_mean,Recall_std,F1-Score_mean,F1-Score_std,Balanced_Accuracy_mean,Balanced_Accuracy_std
0,0.2692507226232059,0.0030532391142631538,0.8578571428571429,0.017325416821168022,0.8776119402985074,0.026699319134325834,0.9113502894954507,0.016605341217924532,0.9566666666666667,0.025276251480171805,0.9332667724308126,0.014810497417512053,0.5783333333333334,0.08095850817147926
1,0.4517962736105282,0.018736513592236798,0.8786041397447233,0.005651325051791475,0.8076794657762939,0.006400764444968527,0.7994666664921389,0.005304428198863763,0.8798816568047337,0.006135041820511135,0.83774582731018,0.005412770029504212,0.7970289510077309,0.006517449589763676
