Molecules,Loss_mean,Loss_std,ROC-AUC_mean,ROC-AUC_std,Accuracy_mean,Accuracy_std,Precision_mean,Precision_std,Recall_mean,Recall_std,F1-Score_mean,F1-Score_std,Balanced_Accuracy_mean,Balanced_Accuracy_std
all molecules,1.8415328979492187,0.6305448587180323,0.8472933698342457,0.013714113105068598,0.7789789789789789,0.027183398156476545,0.8178115380102049,0.046564338043347225,0.8221105527638191,0.09077830683813827,0.8144118076721039,0.03309498149903696,0.7685179629490737,0.02903971087462938
non-cliff molecules,1.595993661880493,0.5402390931746492,0.8707745020520351,0.013786224620738233,0.8034602076124567,0.025698885297753844,0.8403661275831087,0.04128698763507114,0.8433048433048432,0.08497482339513276,0.837257639956961,0.030809545664735604,0.7925775317845802,0.02408433717287415
cliff molecules,3.4542794704437254,1.2390337062773396,0.6541255838090295,0.01929038429298649,0.6181818181818182,0.05310600657067237,0.6528585890066154,0.06143648152805908,0.6638297872340426,0.1341607044292293,0.6445753004445998,0.061047825702599305,0.614841722885314,0.05902683661800768
