Cluster,Loss_mean,Loss_std,ROC-AUC_mean,ROC-AUC_std,Accuracy_mean,Accuracy_std,Precision_mean,Precision_std,Recall_mean,Recall_std,F1-Score_mean,F1-Score_std,Balanced_Accuracy_mean,Balanced_Accuracy_std
0,0.5934762358665466,0.0879094850953041,0.6976190476190476,0.07297920059044813,0.8238805970149252,0.034035087316392154,0.9088977745889781,0.010801774273260222,0.8933333333333333,0.04944132324730441,0.9002992284565652,0.02245428511344801,0.5609523809523809,0.045537853980229664
1,0.8040569067001343,0.14917642725529168,0.8452991452991453,0.011679188608607215,0.764941569282137,0.01342843242216375,0.7844797236672233,0.0326777583041879,0.8100591715976332,0.0699940225631162,0.7945320028661804,0.02148335563080241,0.7582862907796595,0.012716271867124644
