Molecules,Loss_mean,Loss_std,ROC-AUC_mean,ROC-AUC_std,Accuracy_mean,Accuracy_std,Precision_mean,Precision_std,Recall_mean,Recall_std,F1-Score_mean,F1-Score_std,Balanced_Accuracy_mean,Balanced_Accuracy_std
all molecules,0.43343208154423607,0.015242266986983437,0.8838858471461786,0.004744550938713701,0.8147147147147147,0.0073312646340742945,0.8156290415622074,0.005096872370703232,0.8914572864321608,0.008008732387190553,0.8518518569473935,0.00606081021036934,0.7961017775444386,0.007330578675016073
non-cliff molecules,0.39460809140706476,0.018012655139366902,0.9087176977044817,0.004569190491098526,0.8446366782006919,0.007125003557776448,0.8436872885678606,0.005232572109452601,0.9133903133903134,0.0073413667958547755,0.8771489577150264,0.005738652802754473,0.8258581522898705,0.0072884758849501565
cliff molecules,0.6884351076724746,0.014098073968092883,0.689880643487286,0.010485184166361827,0.6181818181818182,0.013636363636363624,0.6217782217782217,0.009885000042240974,0.727659574468085,0.024812561254660845,0.6704313263993448,0.014824062748634665,0.6101712506486768,0.013225981835605836
