Molecules,Loss_mean,Loss_std,ROC-AUC_mean,ROC-AUC_std,Accuracy_mean,Accuracy_std,Precision_mean,Precision_std,Recall_mean,Recall_std,F1-Score_mean,F1-Score_std,Balanced_Accuracy_mean,Balanced_Accuracy_std
all molecules,0.8216708660125732,0.1272993532767711,0.8475080627015676,0.004147468908312198,0.778978978978979,0.007004146420234615,0.825146866097449,0.020074265784850574,0.8015075376884422,0.0338590563375337,0.8123067214960369,0.009135870929692036,0.7735149628740718,0.009930341724870624
non-cliff molecules,0.7372621417045593,0.12323668724536647,0.8724726081554275,0.005766408199419087,0.8048442906574396,0.007533405210061336,0.8494295001914702,0.023058593120612324,0.8267806267806268,0.028964706614561447,0.8371881233605102,0.0066912157771951844,0.7988528684563926,0.0132132941775988
cliff molecules,1.3760831117630006,0.15517730503813984,0.6374675661650234,0.019781402067834485,0.6090909090909091,0.02746146812180582,0.6392129844483787,0.017962744239876188,0.6127659574468085,0.07171191296320303,0.6241671969394742,0.04157840636292724,0.6088220031136482,0.02470869408614988
