Cluster,Loss_mean,Loss_std,ROC-AUC_mean,ROC-AUC_std,Accuracy_mean,Accuracy_std,Precision_mean,Precision_std,Recall_mean,Recall_std,F1-Score_mean,F1-Score_std,Balanced_Accuracy_mean,Balanced_Accuracy_std
0,1.6669815063476563,0.5748779566275019,0.7471428571428571,0.07292383346703837,0.8059701492537314,0.05876125279113293,0.9110189597955991,0.020331177065490844,0.8699999999999999,0.0877179824462718,0.8874531892064464,0.04107121227307077,0.5635714285714285,0.0826442599104446
1,1.8610570430755615,0.7241974573725517,0.8447266997664876,0.012890013669960418,0.7759599332220367,0.03017503238342316,0.8025510003590604,0.056166004731313356,0.8136094674556213,0.10574595266663621,0.8018269916123837,0.03776501010080391,0.7704062662948605,0.0317351408552256
