Molecules,Loss_mean,Loss_std,ROC-AUC_mean,ROC-AUC_std,Accuracy_mean,Accuracy_std,Precision_mean,Precision_std,Recall_mean,Recall_std,F1-Score_mean,F1-Score_std,Balanced_Accuracy_mean,Balanced_Accuracy_std
all molecules,0.7828723669052124,0.12530696996122823,0.8484643366084154,0.008875372719303831,0.7708708708708709,0.012832348720253173,0.8022712189069499,0.026304517667577586,0.8226130653266331,0.059703906493584494,0.8101216441756509,0.01892100376330955,0.7583214580364509,0.011140556892120488
non-cliff molecules,0.6936441898345947,0.1068359731402562,0.8723596520953351,0.008533117799508024,0.7941176470588236,0.00996876144698129,0.823530608048784,0.027688137407391424,0.8450142450142449,0.04936591137843984,0.8324269475557496,0.013021481109301099,0.780216373608444,0.012963265151973732
cliff molecules,1.3689388990402223,0.2520694212197425,0.6521017125064867,0.01780989811007892,0.6181818181818182,0.042881732418439115,0.6368530941496058,0.026130513234552694,0.6553191489361703,0.14010278836727086,0.6390946900202856,0.08216985261584359,0.6154644525168657,0.03669469544299677
