Cluster,Loss_mean,Loss_std,ROC-AUC_mean,ROC-AUC_std,Accuracy_mean,Accuracy_std,Precision_mean,Precision_std,Recall_mean,Recall_std,F1-Score_mean,F1-Score_std,Balanced_Accuracy_mean,Balanced_Accuracy_std
0,0.5480833292007447,0.12434783877844147,0.6307692307692309,0.12843828958207607,0.8392857142857142,0.02823462196578909,0.9321972030813968,0.01593432050750516,0.8923076923076924,0.03748767055695755,0.9113143225183951,0.01716912163524382,0.5211538461538462,0.10162328915857961
1,0.7092599511146546,0.12639938109724255,0.8712779519174528,0.011111295791070617,0.7892720306513411,0.012040043189632697,0.8062790972895619,0.03393899349772531,0.8367892976588628,0.05838012745309658,0.8192798527006605,0.01538335862393442,0.7811749178877274,0.01449176855353329
