Cluster,Loss_mean,Loss_std,ROC-AUC_mean,ROC-AUC_std,Accuracy_mean,Accuracy_std,Precision_mean,Precision_std,Recall_mean,Recall_std,F1-Score_mean,F1-Score_std,Balanced_Accuracy_mean,Balanced_Accuracy_std
0,0.371254421317741,0.024221585924427618,0.95,0.01863389981249823,0.7818181818181819,0.08131156281817416,0.7741414141414141,0.07145920313352448,1.0,0.0,0.8712762297901616,0.04401444452375593,0.6,0.14907119849998596
1,0.7337466342945794,0.020804736801878044,0.6453441295546559,0.016296629218329757,0.5948051948051948,0.023231875090906913,0.5871834625322998,0.018873311427384843,0.6717948717948717,0.033431807206167403,0.6265969802555168,0.025249640188513004,0.5937921727395412,0.023103888011261307
