Cluster,Loss_mean,Loss_std,ROC-AUC_mean,ROC-AUC_std,Accuracy_mean,Accuracy_std,Precision_mean,Precision_std,Recall_mean,Recall_std,F1-Score_mean,F1-Score_std,Balanced_Accuracy_mean,Balanced_Accuracy_std
0,2.174492883682251,1.5305626803580128,0.8166666666666667,0.06144950501563601,0.7636363636363637,0.049792959773196935,0.8083116883116883,0.05355942407805505,0.9,0.13693063937629152,0.8439766081871344,0.044456754220180916,0.6499999999999999,0.0864018389721988
1,3.6371063709259035,1.3773587508944931,0.6155870445344129,0.020883095786294808,0.5974025974025974,0.06295688126514713,0.6166925064599482,0.06678770585759074,0.6153846153846153,0.15701857325533194,0.6005650079055451,0.0787523086209362,0.597165991902834,0.06421743738047471
