Cluster,Loss_mean,Loss_std,ROC-AUC_mean,ROC-AUC_std,Accuracy_mean,Accuracy_std,Precision_mean,Precision_std,Recall_mean,Recall_std,F1-Score_mean,F1-Score_std,Balanced_Accuracy_mean,Balanced_Accuracy_std
0,0.6030229032039642,0.1536062529701815,0.7523809523809524,0.05626810618141172,0.8238805970149254,0.057224744813972564,0.9285608761293485,0.013821929964866995,0.8699999999999999,0.05939509893735154,0.8976782303756,0.0350516470170351,0.6492857142857142,0.0657709814087098
1,0.8461274027824401,0.15529643474815708,0.8431816636060668,0.005994126423568922,0.7739565943238731,0.010728727220740943,0.8076191730083743,0.026961066685682714,0.7893491124260354,0.035031384889031215,0.7974945841637174,0.009663410194651717,0.7716860504658912,0.014148348803229462
