Cluster,Loss_mean,Loss_std,ROC-AUC_mean,ROC-AUC_std,Accuracy_mean,Accuracy_std,Precision_mean,Precision_std,Recall_mean,Recall_std,F1-Score_mean,F1-Score_std,Balanced_Accuracy_mean,Balanced_Accuracy_std
0,0.24921428180820798,0.004712837249364137,0.822596153846154,0.03052032740019975,0.8964285714285716,0.0293422798663482,0.9391540263904303,0.008337706889415986,0.95,0.029164905554044378,0.9443878610246077,0.01632730041149682,0.5750000000000001,0.05981665774998383
1,0.4102058947356778,0.022228844054211713,0.9065254885492748,0.005161250107694935,0.839080459770115,0.0059046111139549546,0.8283563244915516,0.005334083296447552,0.9070234113712374,0.005495544055235777,0.8659015067980406,0.004865184434795812,0.8275027370757533,0.006146077281081847
