Molecules,Loss_mean,Loss_std,ROC-AUC_mean,ROC-AUC_std,Accuracy_mean,Accuracy_std,Precision_mean,Precision_std,Recall_mean,Recall_std,F1-Score_mean,F1-Score_std,Balanced_Accuracy_mean,Balanced_Accuracy_std
all molecules,0.3907332877296083,0.024582788786925873,0.9063351913786697,0.0022877775336735545,0.8266917293233081,0.008523145901319262,0.8364532625308387,0.007888083832212713,0.8904615384615384,0.006335772394453523,0.8626020038454462,0.006552005170120525,0.8085157933853587,0.00947797434190978
non-cliff molecules,0.3666241263853287,0.027952990134424763,0.9206900803156264,0.003062322865220614,0.8497959183673469,0.00832492981811067,0.86095533471048,0.007074130225213461,0.9019867549668874,0.007433756397564112,0.8809832638964499,0.0065828485832999314,0.8339721008876989,0.00893562986214076
cliff molecules,0.6720068367462033,0.017267348344497373,0.6562929061784897,0.016447343547886874,0.5571428571428572,0.011664236870396045,0.5746018062397372,0.009887829041541837,0.7391304347826086,0.027498066610159837,0.6462396353184366,0.010583886243395332,0.5379862700228834,0.013212997742107142
