Molecules,Loss_mean,Loss_std,ROC-AUC_mean,ROC-AUC_std,Accuracy_mean,Accuracy_std,Precision_mean,Precision_std,Recall_mean,Recall_std,F1-Score_mean,F1-Score_std,Balanced_Accuracy_mean,Balanced_Accuracy_std
all molecules,1.4812999486923217,0.4266497237549389,0.8858446674098849,0.005265018534983434,0.8015037593984964,0.023314333434155867,0.841885174624046,0.04116560714538227,0.8406153846153845,0.0958381278279273,0.8355302373047898,0.03379894815284496,0.7903560014864363,0.012082436295132823
non-cliff molecules,1.358929657936096,0.36587671656424886,0.8995015499506834,0.005483800577670894,0.8212244897959184,0.027276790933230412,0.8578565304782076,0.03424609643914331,0.857615894039735,0.09133312322150629,0.8530296092654673,0.03459185637344354,0.8101909257432718,0.013034297880363427
cliff molecules,2.908953404426575,1.160695976292638,0.6411899313501144,0.024790119110207516,0.5714285714285714,0.03367175148507368,0.6412554112554113,0.09764257114755569,0.6173913043478262,0.17260376731547136,0.6010035230062988,0.06107212549665476,0.5665903890160184,0.051288198373998374
