Cluster,Loss_mean,Loss_std,ROC-AUC_mean,ROC-AUC_std,Accuracy_mean,Accuracy_std,Precision_mean,Precision_std,Recall_mean,Recall_std,F1-Score_mean,F1-Score_std,Balanced_Accuracy_mean,Balanced_Accuracy_std
0,0.5330502808094024,0.16356340652506812,0.7374999999999999,0.0641966457030788,0.85,0.051445929610314065,0.9506410825199645,0.00925738084925333,0.8846153846153847,0.06081303192631498,0.9155028684136253,0.030826022060075436,0.6423076923076924,0.056641063365473594
1,0.7591699123382568,0.15417706966956982,0.8691422829461434,0.008771565803084984,0.8,0.012750621679918571,0.8327467964858405,0.029570596123224716,0.8167224080267559,0.02841825523243878,0.8239147410608968,0.008829940041652638,0.7971504416815394,0.017326561751899783
