Molecules,Loss_mean,Loss_std,ROC-AUC_mean,ROC-AUC_std,Accuracy_mean,Accuracy_std,Precision_mean,Precision_std,Recall_mean,Recall_std,F1-Score_mean,F1-Score_std,Balanced_Accuracy_mean,Balanced_Accuracy_std
all molecules,0.6379851937294007,0.10612263442228519,0.8887774061687106,0.006526152691512806,0.8139097744360901,0.014511472981668242,0.8401868406579409,0.028970505266398196,0.8627692307692307,0.0560844671510865,0.849302626368516,0.017437631833418787,0.7999836492010404,0.015429286803956017
non-cliff molecules,0.5822715401649475,0.09236489862369299,0.9017031844441312,0.006054719723750181,0.8330612244897958,0.013985176897152497,0.8562945060093774,0.026229714854281126,0.8794701986754967,0.054150969792740734,0.8659347710661042,0.016583254269435115,0.8189904184866844,0.012486947919690955
cliff molecules,1.2879774928092957,0.284416530090225,0.6421052631578948,0.01971685055243755,0.5904761904761904,0.04856209060564556,0.6283979398210897,0.0544392362415835,0.6434782608695653,0.10065945132861065,0.6296969696969696,0.05282297132268502,0.5848970251716248,0.052553917431427656
