Molecules,Loss_mean,Loss_std,ROC-AUC_mean,ROC-AUC_std,Accuracy_mean,Accuracy_std,Precision_mean,Precision_std,Recall_mean,Recall_std,F1-Score_mean,F1-Score_std,Balanced_Accuracy_mean,Balanced_Accuracy_std
all molecules,0.6372850060462951,0.10435762380120826,0.8884370122630992,0.00861294380594581,0.8090225563909774,0.013741102919170705,0.8472045957893547,0.015566086780436326,0.8393846153846155,0.02856074187291641,0.8428492627456501,0.013080317216888432,0.8003686361947231,0.013769960503931578
non-cliff molecules,0.5827077865600586,0.09586339052922185,0.9021241369592786,0.007523649648739734,0.8277551020408163,0.014465342976872946,0.865483365488584,0.013990256341622452,0.8536423841059604,0.02749740330069759,0.8591684788811513,0.01348506545951074,0.8199062984359587,0.013796047049173855
cliff molecules,1.2740192890167237,0.20414339201598158,0.6544622425629292,0.021660704011348692,0.5904761904761905,0.02776643759450143,0.6213901689708141,0.02679115752190568,0.6521739130434783,0.09120076940610014,0.6330037968335841,0.04049197100476065,0.5839816933638444,0.026396255449113178
