Cluster,Loss_mean,Loss_std,ROC-AUC_mean,ROC-AUC_std,Accuracy_mean,Accuracy_std,Precision_mean,Precision_std,Recall_mean,Recall_std,F1-Score_mean,F1-Score_std,Balanced_Accuracy_mean,Balanced_Accuracy_std
0,0.9592469573020935,0.2792216819488808,0.7416666666666667,0.054326686710022054,0.6909090909090908,0.10365231137264894,0.7948412698412699,0.06909777415771083,0.775,0.10458250331675945,0.7830392156862744,0.07908550747938475,0.6208333333333332,0.1191331537957983
1,1.4356311082839965,0.16577043520136492,0.6095816464237517,0.024601596926994908,0.5974025974025974,0.030457245193658646,0.6066398065119293,0.02530376875269398,0.5794871794871795,0.0899265534192317,0.5906286007794128,0.052802276512935196,0.597638326585695,0.029857441832186162
